question_id,bm25_correct,dense_correct,hybrid_correct,steering_correct,oracle_correct,bertscore_bm25,bertscore_dense,bertscore_hybrid,bertscore_steering,bertscore_oracle
1,1,1,1,1,1,0.7030842563101478,0.6838486945830582,0.6698172608610163,0.6725169325055333,0.7053578842109758
2,1,1,1,1,1,0.6602542494151805,0.6482433775933115,0.6400016433497393,0.658718343245058,0.7171137099889291
3,1,1,1,1,1,0.6606123455094963,0.6707184517941973,0.6460050362757308,0.6785505640937585,0.6951350963386655
4,1,1,1,1,1,0.7085455636901787,0.6682300555052413,0.662465867755412,0.6961487964209327,0.6965343360656615
5,1,1,1,1,1,0.6862693315999082,0.6719273656237994,0.6784372247173824,0.6506362790220314,0.7106652757641764
6,1,1,1,1,1,0.6362391968927453,0.6749816793878959,0.6813723657913692,0.6664371667667408,0.7066237657937553
7,1,1,1,1,1,0.6547156495355472,0.6623157524829757,0.693125602382324,0.697819990449919,0.7173689514710535
8,1,1,1,1,1,0.6986248005714164,0.6670597975683933,0.690750516447884,0.668992333826274,0.7274529934683804
9,1,1,1,1,1,0.6191050979182051,0.6849380500875044,0.7057928731162801,0.6764834792178009,0.7137057060235726
10,1,1,1,1,1,0.661134595634527,0.6523301279421362,0.7040578808948303,0.6775800066212431,0.704873644346232
11,1,1,1,1,1,0.6574589381224529,0.6619467570680446,0.6938728998106578,0.6791415509869608,0.7065183777030176
12,1,1,1,1,1,0.6554544546155676,0.6652742857666798,0.6676457096694646,0.6841103588777754,0.7184607628522182
13,1,1,1,1,1,0.6727046041988205,0.7177648422497057,0.6739697224910156,0.6388245756940192,0.7095145855282832
14,1,1,1,1,1,0.6865386606537355,0.6843206389408609,0.6973564562903004,0.6770523970011085,0.6987591881780789
15,1,1,1,1,1,0.6734930273017528,0.658430486917676,0.6631740454079446,0.6573892734973863,0.689140048534008
16,1,1,1,1,1,0.6650587696758865,0.6847703443473934,0.6588349341532752,0.6589061813747745,0.6939370352534907
17,1,1,1,1,1,0.6467609857824383,0.6420908677383145,0.6901364574355462,0.6823976558849685,0.7202291234842535
18,1,1,1,1,1,0.6572129716394727,0.7058154902228951,0.6803614494659737,0.7015414159396023,0.7195074938136768
19,1,1,1,1,1,0.6907675225848864,0.6767556185387299,0.6580863536329657,0.7003719115801481,0.7247309023999173
20,1,1,1,1,1,0.6783230394963329,0.6740338159866004,0.6729579658117179,0.6617643850101349,0.7248077487355404
21,1,1,1,1,1,0.6500821500387778,0.6781494483048637,0.6573568488716743,0.6897133469553002,0.7090480582201123
22,1,1,1,1,1,0.6412030555062826,0.6595697009586595,0.6575641256386319,0.6920068163589548,0.7252459819148521
23,1,1,1,1,1,0.67266417436892,0.6456405940433875,0.6775745021189106,0.6595228512759773,0.7177668104052243
24,1,1,1,1,1,0.6817757190182442,0.6788009537261209,0.6848007053441731,0.7048400920834389,0.7701909723598208
25,1,1,1,1,1,0.6560434957092486,0.6637636278651998,0.6896793844098653,0.6708946151071931,0.7051195467825635
26,1,1,1,1,1,0.6932790119393473,0.6697856003819093,0.6650613626842113,0.6843460908387327,0.6962338283310604
27,1,1,1,1,1,0.7143788817865065,0.6811783804463603,0.6614679930478836,0.6781114367980763,0.6820228612001359
28,1,1,1,1,1,0.6888151038834024,0.6444940718588844,0.6845997455796091,0.6438173528181894,0.7073824814623858
29,1,1,1,1,1,0.7139431239402526,0.6891493052110229,0.6928572389410955,0.6519823209132991,0.6896094505106898
30,1,1,1,1,1,0.6510122471733142,0.6634486369721367,0.6096746531986186,0.7146401136094461,0.6936832522705273
31,1,1,1,1,1,0.6947632750430992,0.6687046612203917,0.6457827569764112,0.7060254657813223,0.6976773702342808
32,1,1,1,1,1,0.6847426134904209,0.700220336322907,0.6767703469050249,0.6784179321423432,0.6938327675175973
33,1,1,1,1,1,0.6622094050271007,0.6560552567018744,0.6921998093437333,0.6647460096035881,0.7070676703862546
34,1,1,1,1,1,0.6825347402093015,0.6542974408414504,0.6920350929990465,0.6646059828546977,0.6855849258210233
35,1,1,1,1,1,0.6627096424905145,0.6603416929445741,0.7055571955167865,0.6731561469513221,0.716324345839587
36,1,1,1,1,1,0.6660791907542292,0.6562381063418324,0.6915794942213571,0.672415504042605,0.7410847645975996
37,1,1,1,1,1,0.6848411220693958,0.6545170684381616,0.6899135665904622,0.6529162277442454,0.7122677443063129
38,1,1,1,1,1,0.6613611364925774,0.6590792338876336,0.6793993314221745,0.7043576157619997,0.7158807490603646
39,1,1,1,1,1,0.6777181513119601,0.698007124338991,0.670231056965763,0.6628311155749513,0.7252648943480303
40,1,1,1,1,1,0.6549553811289536,0.6788869302848234,0.6809543712067618,0.6771087434201941,0.7353910836950387
41,1,1,1,1,1,0.6734535219709766,0.6530398043228907,0.6747518480156359,0.6816818496362084,0.7127676526138842
42,1,1,1,1,1,0.675166840114767,0.7122960586643534,0.6919464127344136,0.7143993401297386,0.7002755257196728
43,1,1,1,1,1,0.6783351195155432,0.7060234167843177,0.6775078757295241,0.6620173467689261,0.7266563575727908
44,1,1,1,1,1,0.6621164869579059,0.6342373094181825,0.6980888024144257,0.7067331725085926,0.7327080856124812
45,1,1,1,1,1,0.6624986905704151,0.6809569986469499,0.6754396118752948,0.6773048739943637,0.6963856935592612
46,1,1,1,1,1,0.6970535364379702,0.6751462802395918,0.6438177165852875,0.6879098361995041,0.7011727019516517
47,1,1,1,1,1,0.6665207170304185,0.687931419019087,0.7096068168488641,0.7184149584976398,0.7220806392437773
48,1,1,1,1,1,0.6363252102715377,0.6448348297466845,0.6956684897369917,0.670353827227512,0.6818115173335986
49,1,1,1,1,1,0.6374323512128969,0.6673890460220676,0.6468979708357021,0.7097723109114259,0.7181609817340896
50,1,1,1,1,1,0.6527024042734528,0.6582226616532662,0.681831964921937,0.64837608479008,0.6965117971716658
51,1,1,1,1,1,0.6693593928009088,0.6477951535516125,0.6586425433547531,0.6665948476325512,0.7040952604197923
52,1,1,1,1,1,0.6757795982146845,0.6662534390061834,0.6605054898401482,0.6780426816348386,0.7090854560070017
53,1,1,1,1,1,0.641196178756029,0.6958374853488904,0.6284615767052883,0.6716989660569671,0.7370745157025193
54,1,1,1,1,1,0.6938914982286916,0.6659416481703847,0.7360776161691047,0.6574412830840692,0.6980668933909937
55,1,1,1,1,1,0.7052428327014513,0.686132795138989,0.6528690399277121,0.6642685423151495,0.7122804103802508
56,1,1,1,1,1,0.6676932264383278,0.6509876349323048,0.6537550769134709,0.697490653853746,0.691658004035535
57,1,1,1,1,1,0.658980141394912,0.6608617955526247,0.6653378019433724,0.6884593847338114,0.7061982314177345
58,1,1,1,1,1,0.6793050653796628,0.6668018233500833,0.6881928440311034,0.6271448095667557,0.7159598657713961
59,1,1,1,1,1,0.7038922431087462,0.687160242807767,0.7153664097936461,0.657648895104029,0.7009739762640828
60,1,1,1,1,1,0.6410141893366001,0.6844547262915727,0.6683656720135637,0.66802761446114,0.6953128740711518
61,1,1,1,1,1,0.6867050218927072,0.6906265820965688,0.6624606264220723,0.6781479734263283,0.7239745722395201
62,1,1,1,1,1,0.6812608815875749,0.700102681901504,0.6762878783829129,0.6805945856878075,0.710602236209516
63,1,1,1,1,1,0.692198418541612,0.6243378689665224,0.6853696630592755,0.6685488362436076,0.7178116763701015
64,1,1,1,1,1,0.6925318608134333,0.6516291007550906,0.6298934018474822,0.6636717395903192,0.6886962209488471
65,1,1,1,1,1,0.677238825224486,0.6718038876024115,0.6568036811616403,0.6329772938198424,0.7209340501170447
66,1,1,1,1,1,0.661752099521577,0.6765764111735861,0.676141097423056,0.6965184401591918,0.696029143440598
67,1,1,1,1,1,0.6880827736917053,0.6942394992769919,0.6675494653245408,0.6676468510646977,0.7057304366263154
68,1,1,1,1,1,0.6388556384114296,0.6741192864183639,0.6946720589969767,0.704918066425822,0.6965242189572942
69,1,1,1,1,1,0.724371431667971,0.6644430756065969,0.6781106168361086,0.7071208862297836,0.7131037315242539
70,1,1,1,1,1,0.644671096844006,0.7062365622424848,0.6517049114368658,0.682204878651473,0.7151582502785774
71,1,1,1,1,1,0.6819790533421559,0.6567382634737089,0.7252738220347497,0.6746842615980071,0.7103989871316269
72,1,1,1,1,1,0.6669024085710723,0.6810628002696134,0.6280852525204373,0.6942449297806054,0.7314518831986357
73,1,1,1,1,1,0.645117099095961,0.6845887822022173,0.6743669309073752,0.6471371409376379,0.7100417915995333
74,1,1,1,1,1,0.6555177885834946,0.665209286839006,0.6848333861729624,0.6568561565890922,0.7124104867633576
75,1,1,1,1,1,0.6746007324719103,0.7198985367938067,0.6722031196103395,0.6767174982577999,0.6957934331809997
76,1,1,1,1,1,0.6772968452833693,0.6634035746325527,0.678574035962777,0.6536494326945013,0.7101518304985631
77,1,1,1,1,1,0.6560466571545306,0.6667155764881266,0.6842063199312091,0.7122454088684724,0.7128497545179074
78,1,1,1,1,1,0.6815095503884127,0.6474348255871001,0.6718930970802558,0.6791749155527467,0.7071397770818182
79,1,1,1,1,1,0.6513582127138747,0.6553553336376501,0.7074279448535995,0.6860852662297208,0.6983396647666502
80,1,1,1,1,1,0.6978153301656432,0.6334378590612357,0.6581738918189031,0.6523699753810176,0.7237452735393107
81,1,1,1,1,1,0.6708808349872685,0.6617856985422685,0.6939364538034547,0.7111291273658008,0.7325906631119707
82,1,1,1,1,1,0.6389081402804735,0.6795372731061899,0.676516348445081,0.6514310524048536,0.7424836106845993
83,1,1,1,1,1,0.6817059277916464,0.665337970198596,0.6544248421687325,0.6968538196789102,0.7244988987187053
84,1,1,1,1,1,0.642812700656823,0.6801204401973197,0.6784711672579258,0.6702397382740632,0.6895397713740946
85,1,1,1,1,1,0.6654089272302548,0.6704064161389544,0.7161262931353028,0.6982728359321568,0.7150855519482345
86,1,1,1,1,1,0.6644565403280082,0.6733504085122504,0.6942424440025742,0.6434088554784346,0.7150976812809209
87,1,1,1,1,1,0.682151902187411,0.6467443812947647,0.6844947524022422,0.7134489711599385,0.7263422376101716
88,1,1,1,1,1,0.692791373560534,0.6708921133777414,0.6699750956198265,0.6508130422172519,0.7246504777657036
89,1,1,1,1,1,0.6703419018532443,0.6848696946927708,0.6439689627660451,0.6863836015845688,0.71440771481369
90,1,1,1,1,1,0.6621909963519189,0.6862303482513811,0.6728916845258202,0.6997813887507028,0.6913226011645331
91,1,1,1,1,1,0.6741996944163937,0.6767514079328825,0.6692794549350641,0.6676250275667305,0.6834547310552876
92,1,1,1,1,1,0.6857679918041089,0.6694403442624749,0.6862100692171715,0.6502107285714895,0.7307475642588719
93,1,1,1,1,1,0.636328020000117,0.6510473874525797,0.6408635934973355,0.6699432287912068,0.7243048691297054
94,1,1,1,1,1,0.6500884384064567,0.6821524647291429,0.6503520833670725,0.6385264339778488,0.7099141542028008
95,1,1,1,1,1,0.7039221711557543,0.6371007932468531,0.6978420582876728,0.6906963898433321,0.7135094444611035
96,1,1,1,1,1,0.6640320146324686,0.6450285958597575,0.6711377020874941,0.6672806190734706,0.7243385975727121
97,1,1,1,1,1,0.6902567660313329,0.6516977984283332,0.7216475273006542,0.6898586363551102,0.7148704674115571
98,1,1,1,1,1,0.6544888708267561,0.6705947059727626,0.6961721930781094,0.6880699820557868,0.6861717952256371
99,1,1,1,1,1,0.650283464083318,0.5988838234247983,0.6883952206169308,0.7130911572703558,0.6993466513678473
100,1,1,1,1,1,0.6763004547537009,0.6746110864075452,0.6837509710529508,0.6444120746467189,0.7263949496397586
101,1,1,1,1,1,0.7021337760248183,0.6555161735019264,0.6946704164955716,0.687345480622146,0.7196084316111613
102,1,1,1,1,1,0.6669857270486134,0.6685682950235682,0.6825082405847688,0.6855650510957201,0.7246662904381408
103,1,1,1,1,1,0.6764876736742151,0.7000490655952695,0.6788830065532788,0.67104443530094,0.7109705670141957
104,1,1,1,1,1,0.6509696940117787,0.6711593934829375,0.6959726349971954,0.6853702469675486,0.7018981877759124
105,1,1,1,1,1,0.7028104805846868,0.6671849947785402,0.6820442375012904,0.6660215630545683,0.704072007099602
106,1,1,1,1,1,0.685667128945987,0.6733760142754239,0.6540753436573857,0.6736451935702519,0.7039388205389491
107,1,1,1,1,1,0.7084327399209533,0.647098304673477,0.6725164827244123,0.6902040235591732,0.689517122436129
108,1,1,1,1,1,0.7003752920814652,0.6668569764321486,0.6494692115161911,0.6730686566313735,0.729159437473822
109,1,1,1,1,1,0.6754304233940294,0.6826800751517702,0.7010830506026486,0.6900544551973509,0.7110539645856916
110,1,1,1,1,1,0.642884497957639,0.6710620882982158,0.6736968409871131,0.6620520096620338,0.7021842251378768
111,1,1,1,1,1,0.6398219435302855,0.683708293122886,0.6260224134674208,0.6681538736150185,0.7241870023797625
112,1,1,1,1,1,0.6483327062161491,0.698567966035343,0.6744279492181886,0.6657799056072086,0.7255604343586352
113,1,1,1,1,1,0.6514675998021017,0.6628779941422809,0.660860315040044,0.6722564523495881,0.7393652979027429
114,1,1,1,1,1,0.6899926736582553,0.6696926073984034,0.70248710873172,0.6683003335725228,0.7026959483344164
115,1,1,1,1,1,0.6978478813126865,0.672451992093848,0.6637952957687886,0.6981910543063867,0.743528913089379
116,1,1,1,1,1,0.6618222833189136,0.6620930538361136,0.6614716399277111,0.681290987921815,0.7187624891960288
117,1,1,1,1,1,0.672260069563364,0.6709006265343652,0.6832264733934806,0.7117508634020142,0.7216027695909563
118,1,1,1,1,1,0.7029797352658006,0.6439846867399531,0.6648362707540125,0.6749853314183861,0.6904343767968527
119,1,1,1,1,1,0.6680474540011836,0.6861731987497335,0.6737298306099858,0.6987736166686259,0.7221848431762014
120,1,1,1,1,1,0.6794160706687482,0.6783806037256548,0.6619887459698094,0.6521238353241349,0.7163101064873586
121,1,1,1,1,1,0.6823720030918886,0.6610877133582779,0.6979545803851873,0.6766889185801711,0.7239754806597252
122,1,1,1,1,1,0.6947165357475704,0.6591459759737621,0.6486063704855819,0.6835844668439109,0.7175975582259607
123,1,1,1,1,1,0.6914253363889428,0.6586248683367737,0.6488401555162286,0.6787364378212052,0.6890512715201038
124,1,1,1,1,1,0.7130349596712168,0.676138709044631,0.6680672989756523,0.6876132884106843,0.7188506247078661
125,1,1,1,1,1,0.6860525908727396,0.6695389177161459,0.6737555552698031,0.6757679748117188,0.7233896011582337
126,1,1,1,1,1,0.6784297695179599,0.6884602021971931,0.6928265534940496,0.6773858350506182,0.6689561693270947
127,1,1,1,1,1,0.6837554781012514,0.6474316887365269,0.6537018814574894,0.6993636563347504,0.703043465589563
128,1,1,1,1,1,0.6787992200493245,0.7165683117047654,0.6775083781028716,0.6588568038960793,0.7115357180444962
129,1,1,1,1,1,0.6842746044405836,0.6456399017453903,0.6982406061112076,0.6993105186591597,0.7369014729845165
130,1,1,1,1,1,0.6805706860302796,0.663616867294187,0.706774225381173,0.672152399130711,0.7268613075243254
131,1,1,1,1,1,0.6684988882593494,0.6710115290694308,0.7020141362662324,0.6712487299328002,0.709803922635742
132,1,1,1,1,1,0.6284321977279257,0.6557207650462099,0.6546721530108739,0.6443251856882388,0.6925536530988876
133,1,1,1,1,1,0.6215118857025286,0.7143188514518148,0.6680033723298275,0.6968353097398319,0.6915564129985461
134,1,1,1,1,1,0.6885683111756061,0.6836785717957353,0.6863950868333057,0.6917030279876348,0.7166178713595407
135,1,1,1,1,1,0.6376408637160923,0.6665332074641049,0.6688864984626645,0.6621207082226666,0.6975711333927362
136,1,1,1,1,1,0.6903154237597643,0.6488502521292338,0.6547074372685933,0.6851367733169761,0.7090305027500446
137,1,1,1,1,1,0.6396401253293666,0.677309494759208,0.6808956386828507,0.6651726471209758,0.7121054330160999
138,1,1,1,1,1,0.6823659605807277,0.6694772014065141,0.6769459500606456,0.6784737678730324,0.7130088753680582
139,1,1,1,1,1,0.657131854688616,0.6863984875388888,0.6606418960440819,0.6523227352921743,0.7079757548256196
140,1,1,1,1,1,0.6776964142045405,0.6811755376186419,0.6507480316194098,0.6615596472618479,0.7186069864617725
141,1,1,1,1,1,0.6603501642998433,0.6411039404084184,0.718710460031827,0.6964775823358982,0.7110757692747313
142,1,1,1,1,1,0.6775537069799197,0.6578170330062381,0.6965809827296671,0.696727679069242,0.6880543115980139
143,1,1,1,1,1,0.6675492954860607,0.653319191055827,0.6627687184087456,0.6569048653861427,0.7129018815648845
144,1,1,1,1,1,0.6480479348627737,0.6438306379743979,0.7168571189925178,0.686452526707622,0.7228249685116531
145,1,1,1,1,1,0.6840882716977358,0.6502008186443461,0.6546861522272459,0.6760846184468459,0.7136191526415054
146,1,1,1,1,1,0.6729599351194672,0.6841015635943316,0.6463571194757016,0.666521817973664,0.7135278063140928
147,1,1,1,1,1,0.6831479191996812,0.6470881132352879,0.6845747209242485,0.67101767071595,0.6990538084732015
148,1,1,1,1,1,0.7146148632641358,0.6458709395869514,0.642479614045965,0.6602380260132154,0.7249448558449333
149,1,1,1,1,1,0.6834918822656298,0.6583575387988682,0.6858688201251231,0.6752222069361772,0.708854678943665
150,1,1,1,1,1,0.6669970694529995,0.6724515784410281,0.6779099447008086,0.6782107163118801,0.7493731645378653
151,1,1,1,1,1,0.6516537346792781,0.67865515340623,0.6670657419341419,0.6509632753529968,0.7132098262766869
152,1,1,1,1,1,0.6823022542336625,0.6428500275775695,0.6586343621233265,0.6828659883688032,0.6979022446109752
153,1,1,1,1,1,0.6632813768740163,0.6611555156809001,0.6632270194514731,0.707014522736999,0.7017986486417274
154,1,1,1,1,1,0.6814905397019082,0.7142736413759534,0.6927487049851833,0.6465140274723109,0.6967404074000262
155,1,1,1,1,1,0.6651669994147754,0.6860728701945208,0.69865618616922,0.6727046919621463,0.7238329760118832
156,1,1,1,1,1,0.6736769126041824,0.6461273714360238,0.6585711963788083,0.6944620045234127,0.6974884065043672
157,1,1,1,1,1,0.6706982297468689,0.6918643544363373,0.6506388009017953,0.6740294085394606,0.6994564199187425
158,1,1,1,1,1,0.694346529090767,0.6460835526895923,0.678641877244659,0.682897797851444,0.6884129527032948
159,1,1,1,1,1,0.687489985070083,0.6556901313046163,0.6800308733378533,0.6650857015399333,0.7149259278871287
160,1,1,1,1,1,0.6762392283142409,0.6594035936822309,0.6763008567530657,0.6726203427701951,0.7003626090018253
161,1,1,1,1,1,0.6627789302470024,0.6741508705221358,0.6654718068479872,0.6640621144205721,0.7017822098488523
162,1,1,1,1,1,0.6464482197526901,0.6584507502617877,0.7007231777263621,0.6893426220156724,0.7166176934340418
163,1,1,1,1,1,0.70748543150038,0.683416025021208,0.7036123738016223,0.7205000468980217,0.7213014375979042
164,1,1,1,1,1,0.6367454048989741,0.6295423297335767,0.6488740465304629,0.6653044749088868,0.721091638593009
165,1,1,1,1,1,0.689760004405486,0.6745825234133962,0.6476889363999234,0.6716637340022216,0.7163884771972078
166,1,1,1,1,1,0.6507239634399489,0.6785580080982827,0.6891889806697531,0.6949719776066176,0.7172941200627003
167,1,1,1,1,1,0.6416612770705725,0.6783888682816723,0.6751095770053133,0.6641728621241635,0.7232542042876667
168,1,1,1,1,1,0.6780730432074642,0.6865045731783047,0.6869709771380327,0.7134275005732996,0.703064327075138
169,1,1,1,1,1,0.6434898407945011,0.6828967458174278,0.6797132566630082,0.660189590915814,0.7340975590391987
170,1,1,1,1,1,0.6624162088337697,0.6520931235093861,0.6523738363754331,0.6482028686903819,0.7001422180008651
171,1,1,1,1,1,0.6564818890043977,0.6918309718195401,0.7081218462986097,0.6958518166374619,0.7038050329251359
172,1,1,1,1,1,0.7087263119447279,0.7062322929217881,0.6607412522507234,0.6797289804564692,0.7368639377189441
173,1,1,1,1,1,0.6585146884384815,0.6874565160567443,0.6968180410673073,0.6661762856734293,0.7226305167506589
174,1,1,1,1,1,0.6811011916017337,0.6411907595561563,0.6717951420873594,0.6603347879141251,0.715247717543187
175,1,1,1,1,1,0.6654155223765638,0.692472827439821,0.6974481866038321,0.6888419540693723,0.6833395652528531
176,1,1,1,1,1,0.6335807031738542,0.6719059672432479,0.6899287798383165,0.6666444627150813,0.7278944592072921
177,1,1,1,1,1,0.6704671168966982,0.6726137274992137,0.6522717397573113,0.6665459832067618,0.7067231892223031
178,1,1,1,1,1,0.6960386644776861,0.6664969184704009,0.6898216055676938,0.6552427528330156,0.7093448937473456
179,1,1,1,1,1,0.7013537713791904,0.6630775279791487,0.6584364209863931,0.695471692524665,0.7120794905847735
180,1,1,1,1,1,0.6658734488576357,0.6698398143444975,0.6892368779418486,0.6545794721701612,0.7201390882655615
181,1,1,1,1,1,0.6773711586433325,0.6413683639075318,0.649414211536615,0.6930852935924365,0.719396449736503
182,1,1,1,1,1,0.6552949512597124,0.6725113839446188,0.659808168464039,0.6708947031151691,0.7296295602414308
183,1,1,1,1,1,0.6549481955870256,0.6702228776609275,0.6671594432183335,0.6807288311055445,0.6963179148202159
184,1,1,1,1,1,0.712649909394234,0.6689158741535082,0.686883085220104,0.7174001857860001,0.701479955881563
185,1,1,1,1,1,0.6618451295563593,0.6494334278348257,0.658516159866995,0.6642807164175093,0.7142400547399219
186,1,1,1,1,1,0.6699432560597439,0.6648904017281875,0.6921621955429431,0.687428310018599,0.760296613517673
187,1,1,1,1,1,0.6898845786915041,0.65513711828922,0.6457344404336527,0.6794654082107553,0.7404994666432632
188,1,1,1,1,1,0.6545728669001825,0.6556290033536507,0.6841946563458895,0.6733635708358673,0.7278494122637175
189,1,1,1,1,1,0.7127504983848629,0.6471493417149146,0.6829719813118692,0.6580975484130129,0.7127632918500914
190,1,1,1,1,1,0.6800661419441529,0.6647571146999091,0.6532521294370623,0.6762994635434227,0.727185949935198
191,1,1,1,1,1,0.6775838583910684,0.7046575231759837,0.6799194907769238,0.6701366741437863,0.7176617776363222
192,1,1,1,1,1,0.661532752156151,0.6883537707782559,0.6296990020296099,0.6753766176088762,0.7205872576184302
193,1,1,1,1,1,0.6309065226452083,0.6837718220123971,0.6612457245627413,0.6698635117637063,0.7312558993503364
194,1,1,1,1,1,0.6789486929396442,0.6526986734972944,0.6772108918431726,0.6779590087258089,0.7303201121649203
195,1,1,1,1,1,0.6870506248162989,0.6960173234636791,0.6643160951902907,0.6720219005259185,0.7275881900158075
196,1,1,1,1,1,0.6859722117445775,0.6818492156327862,0.6481650230635588,0.6977736522139278,0.6942186516209261
197,1,1,1,1,1,0.6259601758493389,0.671316568530555,0.6404024289173536,0.7151976386979043,0.7289089641014197
198,1,1,1,1,1,0.6627955553439874,0.6835117370767155,0.6829336893652889,0.6727627819240939,0.715339625507969
199,1,1,1,1,1,0.6637704656549605,0.6752902896763768,0.687687611723739,0.6989196423235007,0.7027134297404515
200,1,1,1,1,1,0.6393724598878163,0.6840846806862722,0.6685746511298224,0.6394959989595776,0.7281516589416337
201,1,1,1,1,1,0.6585133737615921,0.6701624493131336,0.68918609351123,0.7114122674516385,0.7053934488981384
202,1,1,1,1,1,0.6845656634649907,0.7222506873139392,0.687338610699231,0.6825031105459778,0.6852495139509114
203,1,1,1,1,1,0.6492389114587257,0.6929360110503763,0.7166040480241602,0.7046731709032592,0.7386437195790875
204,1,1,1,1,1,0.6799846851942379,0.6713667833521246,0.6264449213020062,0.6720682413963566,0.7345861846010865
205,1,1,1,1,1,0.6273449816723486,0.6640961074598408,0.6657082257793645,0.6810921491047449,0.6813821791034601
206,1,1,1,1,1,0.6931895916614614,0.6569493981298489,0.6746373650987807,0.6731012992437351,0.7196021920433355
207,1,1,1,1,1,0.6768732285336755,0.6705708827727879,0.6567755931278119,0.6906268015290093,0.6799667116862331
208,1,1,1,1,1,0.6439459845376629,0.6313401591675118,0.6614420645517688,0.669217762955945,0.7248702390059488
209,1,1,1,1,1,0.6592045426968616,0.6543342307479667,0.6773973532931511,0.6951007662815223,0.7175422274360393
210,1,1,1,1,1,0.6817384818205855,0.6651338353207586,0.6646812510025727,0.7076279699566385,0.7307960771580558
211,1,1,1,1,1,0.686678772002439,0.6761307712517866,0.6786344809448999,0.677576992458897,0.7219489448873275
212,1,1,1,1,1,0.7250621974727678,0.6587869764781865,0.6615886114270305,0.643258052300275,0.6830091466086389
213,1,1,1,1,1,0.6565905301587577,0.6496229858915257,0.7113043426968398,0.6857438872374337,0.6959812019067061
214,1,1,1,1,1,0.6347868473427593,0.6919249157864309,0.6606362634552716,0.6408138414267055,0.7361846973932861
215,1,1,1,1,1,0.6628968672881632,0.6694915704096941,0.6552119149077661,0.6689837142409083,0.7099798368252231
216,1,1,1,1,1,0.6389221963285097,0.6939497489319748,0.6508318762346693,0.6994060472396553,0.7407708177432551
217,1,1,1,1,1,0.6796851677519449,0.646537090439383,0.6724574311993,0.6769109545824344,0.7069728299115116
218,1,1,1,1,1,0.6762915308072641,0.6865784550147371,0.6790796485012216,0.6753313185816601,0.6893050022109002
219,1,1,1,1,1,0.6765090481545555,0.6641168796057387,0.7059562928183436,0.6800588618952742,0.7308158131570877
220,1,1,1,1,1,0.6727223121873478,0.6783790374398744,0.6571992154730202,0.6519709033268979,0.7268213252805131
221,1,1,1,1,1,0.6894892994229649,0.7077138254432209,0.6803372352400003,0.6588123081682715,0.7293103736476214
222,1,1,1,1,1,0.6768177259611866,0.7038823340052657,0.6793184999457894,0.6467095742676165,0.7069735539674479
223,1,1,1,1,1,0.6480481678229452,0.6682305635666969,0.6720076440761974,0.6698077932791273,0.7182578434634751
224,1,1,1,1,1,0.6763094249866041,0.6201050950517647,0.6599946204407786,0.6899957466359108,0.7531391985846932
225,1,1,1,1,1,0.7013383929269055,0.6918161203841677,0.6827939705746178,0.6829110814971532,0.7093331753047216
226,1,1,1,1,1,0.690539207270196,0.6905231152449457,0.6696717117915959,0.7163412728108328,0.7062505924422084
227,1,1,1,1,1,0.6886323420925136,0.6788008534655238,0.6637877332314918,0.6944478694476552,0.7231348736713684
228,1,1,1,1,1,0.6561589098685865,0.6727363415794896,0.683493118132517,0.6888900643223862,0.7000963800582695
229,1,1,1,1,1,0.6688046284176976,0.6691038157442031,0.6766357438694834,0.6743096265856897,0.7215291116353512
230,1,1,1,1,1,0.6682727125398094,0.6543085541409355,0.6761502539864638,0.6736157905074922,0.6974295524423042
231,1,1,1,1,1,0.6688496664091621,0.6700779219319701,0.6436841391513827,0.673323477224544,0.7127470808464725
232,1,1,1,1,1,0.7152497765874841,0.6426927103091432,0.6945741904762135,0.6773592856529467,0.7026662917809126
233,1,1,1,1,1,0.6988941755593956,0.6453874903666228,0.6792316350175239,0.6577290760059107,0.7133790229301383
234,1,1,1,1,1,0.6589761993555686,0.6688075796274421,0.6555501573005245,0.683904773741399,0.7267264456916221
235,1,1,1,1,1,0.6559492192031005,0.6830736959443383,0.6690404920016033,0.659857395685782,0.7050770450415164
236,1,1,1,1,1,0.6701890478643799,0.7081338361280005,0.689621066441573,0.672674782576525,0.7359316790615428
237,1,1,1,1,1,0.6926696908706065,0.6725660588713814,0.6533922596581503,0.7019226144361244,0.7081297544649113
238,1,1,1,1,1,0.6426703587678044,0.6643109486870185,0.6748378143248497,0.6205496085844758,0.6913315361439554
239,1,1,1,1,1,0.6811504809765718,0.661088189538551,0.6665667568035616,0.706249350689415,0.7439570913819111
240,1,1,1,1,1,0.6969918375058702,0.6847012460810538,0.6661407299232271,0.6623598772868472,0.7285276390350269
241,1,1,1,1,1,0.6432492847315799,0.6336230376673421,0.6569303432690385,0.6899678385121677,0.7141852760908096
242,1,1,1,1,1,0.68707959424088,0.6203022366578639,0.621723829994802,0.6728392824360356,0.7112394141300085
243,1,1,1,1,1,0.6570307438225942,0.6709151361237894,0.6955722479848732,0.6881423823035042,0.7356135514254339
244,1,1,1,1,1,0.6282687933336161,0.6736114730742474,0.6596554095961673,0.6968170689827495,0.7272300375403701
245,1,1,1,1,1,0.6527742273518645,0.6605834243853668,0.6290300748176939,0.6820790639581701,0.7097056399964715
246,1,1,1,1,1,0.6822418166612229,0.6695325275342241,0.673676610461749,0.6632991267970052,0.7093140861375804
247,1,1,1,1,1,0.6997598951125366,0.675014147156264,0.6823653844694044,0.6708456980648754,0.706856217066243
248,1,1,1,1,1,0.6662404239243864,0.6317857745191796,0.6697646279407188,0.6899703572118897,0.7173509750121894
249,1,1,1,1,1,0.6831914525589914,0.6685760615224637,0.675257238300179,0.7189907744338955,0.6880052096905763
250,1,1,1,1,1,0.660225996498842,0.6668393279301446,0.6366105386232607,0.7209529974910004,0.709388762546707
251,1,1,1,1,1,0.6781368772651702,0.6600244717710394,0.675459228919631,0.6889710653954144,0.6881395557483715
252,1,1,1,1,1,0.6720336211422107,0.6799418555680984,0.6628770790909997,0.6881741653597007,0.7111266527224648
253,1,1,1,1,1,0.6474373479596661,0.6683729688645426,0.6791431189948407,0.6513345408425768,0.7358338269792564
254,1,1,1,1,1,0.6808914363669687,0.6827820699944018,0.6528161721795535,0.663286572443036,0.7100926095920246
255,1,1,1,1,1,0.6401730053407182,0.6416177105927362,0.6593401555496265,0.6722594859850801,0.6883510929977608
256,1,1,1,1,1,0.6796295495447684,0.6369076898518824,0.6626546693834977,0.7010391771223423,0.7330806461939503
257,1,1,1,1,1,0.667711726580369,0.6376950473593784,0.6787780773640296,0.6581212116120672,0.7421507935227757
258,1,1,1,1,1,0.6997210180211845,0.6603917998477244,0.6686884979380527,0.6927854777478832,0.7069866287086309
259,1,1,1,1,1,0.6802347710346702,0.676585895099234,0.6784789629359299,0.6251157228674573,0.7309367328773323
260,1,1,1,1,1,0.6778930365183795,0.6584164033798465,0.6389282483198696,0.6856531013100321,0.7111771599034753
261,1,1,1,1,1,0.649755081222744,0.6467834974222962,0.6751830483497605,0.6636858384167678,0.7225905992443475
262,1,1,1,1,1,0.6518766893772063,0.6592119147538122,0.6983821880609474,0.699872469437181,0.7193309133987785
263,1,1,1,1,1,0.7062779932759515,0.6880771610156359,0.7029473972339702,0.6652497961061672,0.7136797721384754
264,1,1,1,1,1,0.6414383939648036,0.6895389523544584,0.6875090018507227,0.6658123259970374,0.6974290905902838
265,1,1,1,1,1,0.682190112969611,0.6862531085174767,0.6708360676255922,0.6893344611827237,0.7075899856166421
266,1,1,1,1,1,0.6591549362690615,0.6573339649210794,0.6912788100093923,0.695683236477118,0.6958976865054246
267,1,1,1,1,1,0.6496659824772137,0.6607580059505119,0.6878748331118503,0.6770880796234191,0.7228330663634867
268,1,1,1,1,1,0.6830041003221313,0.6785133144276242,0.6923076632703957,0.6862959033928476,0.7131466053077145
269,1,1,1,1,1,0.6284331416025751,0.6904430542350739,0.6639793031466483,0.687040376959856,0.7052174381598739
270,1,1,1,1,1,0.6441808857759893,0.692738879707728,0.6881713864640095,0.6933971568327405,0.7163187579685079
271,1,1,1,1,1,0.6410528162756421,0.6907537674997984,0.6474465942831293,0.6566125698363586,0.7029610490946082
272,1,1,1,1,1,0.6962162324001387,0.6653820364412666,0.6521695112010268,0.6958395950991916,0.7041756905526411
273,1,1,1,1,1,0.6632306967775344,0.6737056101316578,0.6479790462783592,0.6700046270842183,0.6979436161068409
274,1,1,1,1,1,0.6530153371146339,0.6863039682224957,0.6698919857158846,0.6787494743747446,0.7279287400208563
275,1,1,1,1,1,0.6530628037374937,0.64842085255837,0.6455070956060294,0.6755312406041928,0.7155090099409842
276,1,1,1,1,1,0.698309221035807,0.642508375261448,0.7079690418059708,0.6809138517948212,0.7248459862681876
277,1,1,1,1,1,0.69185322933687,0.6739299062165129,0.6561499435797147,0.6547491038751118,0.7206721441285929
278,1,1,1,1,1,0.6706304610037227,0.6378778499488855,0.6699121851186395,0.6916944771578852,0.7201138213402676
279,1,1,1,1,1,0.6710289569825152,0.6650129148419432,0.6541067132261577,0.6884921185178721,0.7157796188306141
280,1,1,1,1,1,0.6991290815738097,0.6426547460978876,0.7094916780841084,0.6684198809825754,0.7227456170786779
281,1,1,1,1,1,0.6531761616903752,0.6518635558353911,0.6606891789536748,0.6615246866882721,0.7113923256492597
282,1,1,1,1,1,0.6809400454183855,0.6700191053583218,0.6844937022060587,0.6971418751098907,0.7235402362753959
283,1,1,1,1,1,0.6851665798562214,0.6643137236084128,0.6752587567089521,0.6619342779164283,0.7284946707164902
284,1,1,1,1,1,0.7005652132664206,0.641727884005535,0.6698826725231046,0.6718071674940628,0.7227937793454742
285,1,1,1,1,1,0.6637573870042097,0.6675917756413552,0.691691757739596,0.6662088572818284,0.7127808263081362
286,1,1,1,1,1,0.7003726400693763,0.6433698621144148,0.6646375435520046,0.6768692849950475,0.7245980778012197
287,1,1,1,1,1,0.6829122599443906,0.6878636932106572,0.6813010258913778,0.6930074379210343,0.7074303742522502
288,1,1,1,1,1,0.6450508408651285,0.6781373212343698,0.6474785126758396,0.6440048882904388,0.7206089719606695
289,1,1,1,1,1,0.6669040073884961,0.6514718713147937,0.6301139925450493,0.6789178601258666,0.7150281712836277
290,1,1,1,1,1,0.6836370118643134,0.7096308712965909,0.6829018898090368,0.6941399417537892,0.6954366734701113
291,1,1,1,1,1,0.6910163343868941,0.6868690888788482,0.6685982017152419,0.6688526637278983,0.6937142393533042
292,1,1,1,1,1,0.6653303442308836,0.7170343297269104,0.6701596589915125,0.6856993223249509,0.7188943973804105
293,1,1,1,1,1,0.6397803337552408,0.630901512297219,0.7162688554573985,0.697627665908588,0.7404644776305768
294,1,1,1,1,1,0.6899854027907566,0.6482220809541492,0.6810564234568617,0.6512566275623025,0.7136853074210504
295,1,1,1,1,1,0.6886690223331333,0.6638075886008518,0.6875227248364731,0.6572836921041955,0.7129735699244004
296,1,1,1,1,1,0.6914371754693162,0.6741127280898027,0.7037835447750488,0.6619001610248775,0.7387793072629271
297,1,1,1,1,1,0.6451150561080247,0.6644403872520869,0.6619864542500757,0.6991293846762177,0.7003994215340353
298,1,1,1,1,1,0.6757256738455895,0.6925015791285372,0.6623659941046941,0.6960139228764537,0.705021463287407
299,1,1,1,1,1,0.6594051067092357,0.6243886788580186,0.670809492846883,0.6647130922057355,0.725855992953307
300,1,1,1,1,1,0.6848668097743617,0.65381652402443,0.6864758877912382,0.7194027116417124,0.7136299333462034
301,1,1,1,1,1,0.6796952559191899,0.6512782417965286,0.70270918290407,0.6788765325585873,0.7334505495518779
302,1,1,1,1,1,0.6777261734688577,0.7024991474915276,0.6784458453126241,0.6748425187083681,0.7284731472835233
303,1,1,1,1,1,0.6545473214276183,0.6554582222281388,0.6701390820921526,0.7133861269946622,0.6960555044398642
304,1,1,1,1,1,0.7018856784728353,0.6787158417705519,0.6563448763970616,0.6740651584843546,0.7278587087843609
305,1,1,1,1,1,0.6479881078875029,0.6505986031544679,0.6855650243996957,0.6806367867958707,0.7213584232738008
306,1,1,1,1,1,0.68401261867292,0.6545645636314085,0.6855459987535905,0.6895574960092914,0.7211303985062709
307,1,1,1,1,1,0.6734068839888262,0.663231035678355,0.6432039445727589,0.6841930009459939,0.722587141631573
308,1,1,1,1,1,0.6778231191436556,0.6778853517961705,0.6812011605816823,0.6713548047619646,0.6893664181518935
309,1,1,1,1,1,0.6707138542474473,0.6658100643119653,0.669618390526516,0.6568663374284701,0.717407899498528
310,1,1,1,1,1,0.6980786663907081,0.676236170413784,0.686941399806121,0.6910376228971018,0.7287647063777896
311,1,1,1,1,1,0.6644717152857254,0.6997682671766421,0.6749780608656991,0.6800977566619378,0.70012357001087
312,1,1,1,1,1,0.6294994698469675,0.6810101603366207,0.6818529858598285,0.6803831789066421,0.725678472244835
313,1,1,0,1,1,0.7107517438106159,0.6685739134369569,0.7041332680492519,0.656021848258868,0.7275719455311254
314,1,1,0,1,1,0.6539037129299589,0.7082412222339888,0.685757617203487,0.6567605177921841,0.7044354365328206
315,1,1,0,1,1,0.6797973100072382,0.6777657706023621,0.6915795195310445,0.7082832084142955,0.713052720029652
316,1,1,0,1,1,0.6674105755802776,0.7036095139663098,0.6822264663562312,0.6709491452579968,0.7359952958782229
317,1,1,0,1,1,0.6488876933012495,0.6809542244780054,0.6593343586222482,0.6811004996805625,0.7218429437633272
318,1,0,0,1,1,0.6675706683314381,0.6643828113823932,0.6641714071222485,0.6786955253584394,0.7012013248018965
319,1,0,0,1,1,0.6702647160027974,0.6780888303617213,0.6696700510825844,0.6720764049500925,0.7255177561119879
320,1,0,0,1,1,0.645577666715002,0.6593775834505162,0.6591000786760508,0.6619762723037105,0.7151213993017096
321,1,0,0,1,1,0.6829625562648239,0.6327826701613177,0.6575314273161837,0.6765712165925045,0.7070055549132132
322,1,0,0,1,1,0.6359750733306709,0.6668880050140648,0.6725907150582185,0.677560832972682,0.6999041591449886
323,1,0,0,1,1,0.708151140869584,0.6847830352423653,0.6680751446776417,0.7119770270370667,0.7196310009100308
324,1,0,0,1,1,0.6884031594236865,0.6675220563305179,0.6689223321169848,0.6799364365934258,0.6913221522979464
325,1,0,0,1,1,0.6374225682634655,0.6500106802374089,0.667169859592639,0.6962289855411617,0.735843331527623
326,1,0,0,1,1,0.668319095791999,0.6744124897749418,0.7188756046689626,0.6520978450148673,0.6896503617586882
327,1,0,0,1,1,0.6593424947864837,0.6577175459370204,0.657754751379006,0.665422663465226,0.7041759680761239
328,1,0,0,1,1,0.6612360727097321,0.6541416221850479,0.6988591830461112,0.686101729427068,0.7089421306222963
329,1,0,0,1,1,0.6796721461540354,0.6623438305772223,0.6881271902088589,0.6551541570032715,0.6998212130232916
330,1,0,0,1,1,0.6806677340710297,0.6267594596279586,0.6617538450594241,0.6847043391431433,0.7036307340401421
331,1,0,0,1,1,0.6773438545665275,0.6647534196318725,0.6611444088706223,0.6584698725042081,0.6788265315001254
332,1,0,0,1,1,0.699266755564169,0.6607995637657427,0.6639750428696516,0.6529211658768523,0.7181448347711139
333,1,0,0,1,1,0.6612570853530373,0.6924927615837183,0.6756267257362424,0.7557247541287265,0.7091201838275615
334,1,0,0,1,1,0.6552081041365913,0.6575748192374792,0.6566301353222478,0.6821835734342779,0.7307185349010045
335,0,0,0,1,1,0.6491345169086944,0.6833571895915446,0.6895816634058094,0.6843690723641924,0.7141080410046453
336,0,0,0,1,1,0.6574454396817472,0.6444061343434377,0.6772568900976157,0.7078770988206435,0.719981064101465
337,0,0,0,1,1,0.6821680170247513,0.649246259357841,0.6811268329355868,0.6969089937123044,0.6976851920250663
338,0,0,0,1,1,0.6693281405857511,0.6525130309324798,0.6489125900829431,0.6554336102594189,0.7000973468143097
339,0,0,0,1,1,0.6774678369313261,0.6673960353142524,0.6525919819398153,0.6733899378800438,0.719673180222982
340,0,0,0,1,1,0.6888039721600255,0.6718332337411465,0.6908201369754885,0.693694980131446,0.7208912897411632
341,0,0,0,1,1,0.6833785346884529,0.6464117744497683,0.6690968001523467,0.7121472639583112,0.7262595568787661
342,0,0,0,1,1,0.6702467095293487,0.631487367166103,0.7087533542567713,0.681786282568693,0.7241051421742467
343,0,0,0,1,1,0.6965291284362852,0.7066883730458698,0.6915435776961604,0.6793150758254296,0.7245483398249167
344,0,0,0,1,1,0.6750443757014337,0.6502589179569218,0.6846273395505251,0.6865343246801037,0.696978553882671
345,0,0,0,1,1,0.7131153180807838,0.6336133856144348,0.6829668389721715,0.6892423664078497,0.7211336671634564
346,0,0,0,1,1,0.641089173652602,0.6638216993871109,0.6684673223292947,0.679790009020162,0.6911534955770571
347,0,0,0,1,1,0.6649280112381689,0.6915712685731972,0.6312138026430432,0.6677775069636425,0.7046208803145456
348,0,0,0,1,1,0.6603886130410415,0.6424731294632884,0.6732066494001921,0.7018763446417859,0.7196666990791841
349,0,0,0,1,1,0.6613038661361823,0.6691888202341169,0.6834843744257006,0.6810084777985012,0.6750750896988051
350,0,0,0,1,1,0.6749092754199314,0.6492453486943077,0.6676490159828447,0.6782661484119752,0.7093008308045593
351,0,0,0,1,1,0.6946814812991179,0.6617749052263785,0.6335011744284504,0.6914921958127324,0.7187823489986035
352,0,0,0,1,1,0.6543645581234642,0.6573890644102627,0.7091987315167362,0.6714240939460103,0.7154658354740446
353,0,0,0,1,1,0.6412105938163847,0.6749318642267848,0.6639133577510326,0.6753322628220011,0.7387239960747086
354,0,0,1,0,1,0.6853544551023372,0.643113390069066,0.6790052823449509,0.672081388766605,0.7379377198719441
355,0,0,1,0,1,0.676180489087063,0.663529427638511,0.6855608017170471,0.6927031098806957,0.7304079748771081
356,0,0,1,0,1,0.6958794157958732,0.6294779627192275,0.6733682302220021,0.672932155627857,0.7145538190475774
357,0,0,1,0,1,0.6542223407882046,0.694089298633155,0.6828921994404824,0.67531082571116,0.7280258699608828
358,0,0,1,0,1,0.6929122111995837,0.6539079506038518,0.7074896178864785,0.6677130911619306,0.7178212597590966
359,0,0,1,0,1,0.6654828050571835,0.6443104612916238,0.6688372220651246,0.6539643231217528,0.7182346809402828
360,0,0,1,0,1,0.7046081422617659,0.6588287703230692,0.6954741425283313,0.6727050875897004,0.7032174962426777
361,0,0,1,0,1,0.6729536104865869,0.6602701371087564,0.7008660464970534,0.6390128782498542,0.7110614876866783
362,0,0,1,0,1,0.651076750848794,0.6779694379807045,0.6935309954114809,0.6757126280236257,0.7083853836365182
363,0,0,1,0,1,0.6573474821035594,0.6542565227164792,0.683900883747364,0.6858452590126831,0.7107400194716401
364,0,0,1,0,1,0.6640035588675639,0.6477291235831205,0.6163602356135671,0.6616993162115256,0.6879308627680859
365,0,0,1,0,1,0.6623181937956202,0.6546079926167371,0.683618083903414,0.6650699322356852,0.6950845599765053
366,0,0,1,0,1,0.6870205582768695,0.6484556596214655,0.6481573616010683,0.6600099992039965,0.7011134714397045
367,0,0,1,0,1,0.6494266034293926,0.6618842155134488,0.6849428509186787,0.6967684422405607,0.7006970130632381
368,0,0,1,0,1,0.7080924040343217,0.66030626814741,0.6923590774021754,0.6730737039276135,0.7230848323937025
369,0,0,1,0,1,0.6640536189412415,0.6772462637407792,0.6368369958388284,0.6914542405772266,0.7151776330524487
370,0,0,1,0,1,0.6579600972308294,0.6530468110945835,0.655453672385224,0.6831085457312978,0.7248528771779392
371,0,0,1,0,1,0.6862124399449149,0.7041359781754212,0.7049647724342452,0.7105444822310227,0.6875506518848334
372,0,0,1,0,1,0.68540405800168,0.67417502047323,0.7019107228799343,0.6564546851807455,0.6975818998864888
373,0,0,1,0,1,0.6500829516263112,0.7067283817427945,0.6339838425377724,0.6688418090846822,0.693193166434963
374,0,0,1,0,1,0.690258310750213,0.668749986438145,0.6781942094956217,0.6787428957176626,0.7554260458350015
375,0,0,1,0,1,0.6760799278491868,0.6313419709720343,0.6598368760578001,0.6860261430339849,0.7214487125085709
376,0,0,1,0,1,0.657255584727019,0.6922346924035466,0.6568786332667741,0.7004139800719437,0.7339450310855897
377,0,0,1,0,1,0.6539335384564052,0.6609398420196356,0.713324348729275,0.6905083364738356,0.7158716888378837
378,0,0,1,0,1,0.6986088560221099,0.691903974183932,0.6561745179887255,0.6640608964720318,0.714414447458717
379,0,0,1,0,1,0.6402701355511627,0.6985683965685799,0.6920291129100588,0.6341523291078164,0.7074481985905032
380,0,0,1,0,1,0.6782604696220341,0.6443595670428557,0.7000393077217637,0.6826948380549269,0.6962703141042614
381,0,0,1,0,1,0.6758324995080923,0.6479849463271944,0.655741488469272,0.6839710575257183,0.7289123209763391
382,0,0,1,0,1,0.6804894782566461,0.7102209409907423,0.650862517491584,0.6988668087582264,0.6971786076022123
383,0,0,0,0,1,0.6939371571246093,0.7149008144403451,0.6548539283924537,0.6761219030198853,0.7153419718853586
384,0,0,0,0,1,0.6597145669642138,0.6466567273456382,0.674451923181623,0.6517918251204114,0.7249212698948733
385,0,0,0,0,1,0.6994918929029159,0.6416574450302976,0.68598142441788,0.7089967795636137,0.6919126376687684
386,0,0,0,0,1,0.6868239201834822,0.6887082765250131,0.6713886861095633,0.6697163944801964,0.7307556551100394
387,0,0,0,0,1,0.6519237150783772,0.6667391106164791,0.6788605018426513,0.7090116414523571,0.7174737873129378
388,0,0,0,0,1,0.6529443178187848,0.6637124629698217,0.6607800391656116,0.6359008522483053,0.709200053010361
389,0,0,0,0,1,0.6817172597829664,0.7173916550516501,0.6779505356584618,0.7162651827505314,0.7042657649335601
390,0,0,0,0,1,0.6546921692758911,0.6820288363298954,0.6673259245390216,0.6548450069214765,0.7136118744458297
391,0,0,0,0,1,0.6993146497518309,0.6709783485268529,0.6781973576770527,0.6977397252663947,0.7005243597414861
392,0,0,0,0,1,0.6563735315074285,0.6719510038360837,0.6515125677956826,0.6727662284000187,0.7304371662147952
393,0,0,0,0,1,0.689472969173698,0.6796915412302094,0.6603654047296152,0.6691120515363208,0.7001970447595065
394,0,0,0,0,1,0.6990832517639499,0.6668323971112307,0.6839532611215342,0.6809352410969648,0.7035513605320137
395,0,0,0,0,1,0.659708652320152,0.6638133017791588,0.6771328913383857,0.6605587739030029,0.7245116707701253
396,0,0,0,0,1,0.694329286359445,0.6573134012372551,0.6986669563514712,0.6837168170429585,0.7314375898468757
397,0,0,0,0,1,0.6830358764782763,0.641619107430563,0.6755356770239791,0.7041245151240549,0.719979897501171
398,0,0,0,0,1,0.6406124529330323,0.6711454558099484,0.6855844940789207,0.7052079958959057,0.7035123565218061
399,0,0,0,0,1,0.6687829056722351,0.6742238951809604,0.6637352762801769,0.6689276866874072,0.6749225961819283
400,0,0,0,0,1,0.7094457738954623,0.6716338745649305,0.7084144575562172,0.6773893038804537,0.7277529596627802
401,0,0,0,0,1,0.6696720088498177,0.6668824300426908,0.6701269344512992,0.6681090456251312,0.7131838773574622
402,0,0,0,0,1,0.6293870611631935,0.6915718068663385,0.694056310993724,0.679820415241574,0.7331952409589427
403,0,0,0,0,1,0.702103903977267,0.6817985432460348,0.6641956321238351,0.6569880356014217,0.6985315382843286
404,0,0,0,0,1,0.6705382298533845,0.6648369905789341,0.6908100204488853,0.6980037712958551,0.707049902987302
405,0,0,0,0,1,0.6374573120005059,0.6565515326971354,0.6439540861914438,0.6782239580376217,0.7285685260917999
406,0,0,0,0,1,0.674694354573642,0.6611751660504364,0.6801400525003372,0.6839944771874952,0.7086471825018926
407,0,0,0,0,1,0.654932050904127,0.6484787557323113,0.6824689824571576,0.6273345835933984,0.7081447295948278
408,0,0,0,0,1,0.6478943279235425,0.6737709348115634,0.6398491195129129,0.7000539983247037,0.75094860553213
409,0,0,0,0,1,0.6590180257534858,0.6360721168775566,0.698593488799874,0.6609519530212516,0.7189062383132953
410,0,0,0,0,1,0.6635371597882306,0.6562615575717646,0.7233300868433894,0.671957097122642,0.7395427237777792
411,0,0,0,0,1,0.6642978809472363,0.650675629997865,0.6757833425124935,0.6765543877790107,0.7114723987405898
412,0,0,0,0,1,0.690224180191599,0.6721962060497948,0.6754960558180566,0.676437198291167,0.7311963337595312
413,0,0,0,0,1,0.6556997439583785,0.6559129580062663,0.6630561185941312,0.6810810388721175,0.7011617657436662
414,0,0,0,0,1,0.6417170716420174,0.6703824853557855,0.678500297023435,0.6626980655805165,0.701614899984779
415,0,0,0,0,1,0.6914883806535582,0.7065658537545432,0.6723529041857197,0.6892824177917704,0.7237111389973714
416,0,0,0,0,1,0.6659672826167711,0.6775178275042503,0.6672216121302073,0.6901899472971849,0.7052920269476071
417,0,0,0,0,1,0.6872162401859362,0.6523650723958102,0.6903359282560694,0.6772136563791497,0.687009775767336
418,0,0,0,0,1,0.6695938055790129,0.6768385900652963,0.6955882422443882,0.6924023675251273,0.7181294968628614
419,0,0,0,0,1,0.6359114110229674,0.6943052225809213,0.6607554693817198,0.6842295980070441,0.7238615794449215
420,0,0,0,0,1,0.698328639507474,0.6546449028460392,0.6760151868639676,0.6793881519804011,0.6897771821846911
421,0,0,0,0,1,0.6597606862581535,0.6609531584610437,0.6943047690741037,0.6764998477998753,0.7231592537173817
422,0,0,0,0,1,0.7159136759316622,0.6686765627653479,0.6990954844904387,0.6545120723458703,0.6967046768994444
423,0,0,0,0,1,0.6783130827282429,0.6925609570441185,0.6719220163176362,0.6834475642093315,0.7240313559963406
424,0,0,0,0,1,0.6825672713754525,0.6611517882641037,0.6975243928157122,0.6941105219977043,0.7093440930793761
425,0,0,0,0,1,0.6757320076117701,0.6703220173321224,0.6476070194506115,0.6693294028806055,0.73949802007189
426,0,0,0,0,1,0.6809610185646643,0.6872465458364175,0.6807941261510894,0.6653385573113554,0.6977251668861209
427,0,0,0,0,1,0.6752459109964644,0.6407914346377102,0.6759544925480657,0.6838521502064839,0.7242992810774769
428,0,0,0,0,1,0.6702816433445843,0.6729295539535183,0.6692165798016934,0.677677901939726,0.6918759659191156
429,0,0,0,0,1,0.6719881467906632,0.672796530122332,0.6517452400837721,0.6740369231125536,0.7039732625775498
430,0,0,0,0,1,0.651591927939505,0.7050452300991402,0.6648041864728621,0.6874045529033922,0.6875694667789131
431,0,0,0,0,1,0.6719212039672872,0.6639332332940111,0.6744449951793163,0.6801012749191877,0.7216971366129545
432,0,0,0,0,1,0.674488389470184,0.662732155993994,0.6880915137032129,0.6867763749642616,0.7106008808956029
433,0,0,0,0,1,0.6876492367122489,0.6663702423363891,0.7036116163697871,0.6807695332777078,0.7055931127225388
434,0,0,0,0,1,0.6672514214017906,0.6985842856565985,0.6750602583071778,0.6999683104131142,0.7122475141888583
435,0,0,0,0,1,0.6602461595111954,0.6400769371970876,0.6802682229743212,0.6936655983135541,0.7046429437932686
436,0,0,0,0,1,0.6762077652109603,0.641984124572915,0.6587030512190148,0.6559242076779593,0.7025148986265151
437,0,0,0,0,1,0.6503299255800837,0.6500883421198824,0.6533734400138852,0.6754786061441822,0.7050126441374951
438,0,0,0,0,1,0.6554055085516324,0.6702015806395998,0.6651435563433546,0.6869000258304646,0.7093562380548434
439,0,0,0,0,1,0.6536822077611588,0.6514559673735683,0.6617153887743974,0.6706877789570299,0.6904585053933332
440,0,0,0,0,1,0.7004172931928406,0.6688263120337156,0.6565402471691122,0.6669518957075177,0.7242556778756428
441,0,0,0,0,1,0.6696075241470142,0.6658168871581547,0.664429916762254,0.6791534075349668,0.7185816374153043
442,0,0,0,0,1,0.6954437296924485,0.6389786581645656,0.6631897742356471,0.70349559651193,0.7066938911388373
443,0,0,0,0,1,0.6493403391591418,0.6404618386456752,0.6495120959388094,0.6868181618549779,0.7322027629579763
444,0,0,0,0,1,0.6558740658635388,0.6480001537236247,0.6677562372441765,0.6716376153937753,0.7301498571566474
445,0,0,0,0,1,0.6685984680859274,0.6619411615946528,0.7027042760962882,0.6679412097594949,0.7244162144568228
446,0,0,0,0,1,0.6607765566675202,0.663219244760112,0.6468307497634327,0.665116647933683,0.6964805970243279
447,0,0,0,0,1,0.7197843462447746,0.6590951281539343,0.7054051433950949,0.7102723453698457,0.7059640418464782
448,0,0,0,0,0,0.6838621820508117,0.6986891538681538,0.6717814542028846,0.6848248853295614,0.7087950764385048
449,0,0,0,0,0,0.6694655994889391,0.6569823657508336,0.6804478970706221,0.680710724591572,0.6689015932958751
450,0,0,0,0,0,0.6945225881191638,0.6641193637129504,0.6958374017675208,0.6663774925493031,0.7303046729835985
451,0,0,0,0,0,0.6933739528138289,0.6660114535378716,0.6678468563887365,0.6914109820459557,0.7038645895658722
452,0,0,0,0,0,0.6774416690298167,0.7009245375945246,0.6842581089014838,0.6544906660837966,0.7025839715724723
453,0,0,0,0,0,0.6904918914272897,0.6673116963745501,0.68546639255109,0.6754512934244564,0.740232549721914
454,0,0,0,0,0,0.6807496724813371,0.6449126175673476,0.6937060959256294,0.6742688292861665,0.7149838157961655
455,0,0,0,0,0,0.6964900980141232,0.641844452050407,0.682266240108469,0.6784017198923032,0.7071584100917457
456,0,0,0,0,0,0.6897694746403481,0.6792525980589976,0.6662555850995105,0.7073109038381166,0.7188227937171586
457,0,0,0,0,0,0.659887033948921,0.6562722950522274,0.6859101441670903,0.7208819346676092,0.7110058369007962
458,0,0,0,0,0,0.6868767935193779,0.6563354698511048,0.6754861666304044,0.6948057015796757,0.7178467344161679
459,0,0,0,0,0,0.6784512322760711,0.6702339539882879,0.6524546051908828,0.6692560936770803,0.7177350342284484
460,0,0,0,0,0,0.7043122912697657,0.7315411346902416,0.701751257054249,0.6847910060922446,0.695547589501406
461,0,0,0,0,0,0.6377163392406547,0.6590747251859496,0.6590077005996283,0.7156689158964991,0.682767683431743
462,0,0,0,0,0,0.6650940439092672,0.7013675631160907,0.6329437636028761,0.6935977630796359,0.717809718371537
463,0,0,0,0,0,0.6174121673679445,0.6559023089527237,0.6863513454769467,0.6498628327343835,0.7050758923632269
464,0,0,0,0,0,0.6754736001909482,0.6669186531627088,0.6548001374836597,0.6777758162747697,0.7037131383554638
465,0,0,0,0,0,0.6344631453685068,0.6841717932959721,0.6460263472623216,0.7205987317616109,0.7022203540805885
466,0,0,0,0,0,0.6875425691723623,0.6857444702377395,0.7064707622419268,0.6706675302182886,0.6911565941631104
467,0,0,0,0,0,0.671053994325639,0.6547222891484918,0.6700697347409575,0.6875389303149675,0.7154713832360268
468,0,0,0,0,0,0.727793088889451,0.6664131441402621,0.6885140122424117,0.6525972351248382,0.7182996057500799
469,0,0,0,0,0,0.7007439187743527,0.6774727152902905,0.678627235426509,0.6568060936058229,0.7268298078360776
470,0,0,0,0,0,0.6588423945023042,0.6722865661458475,0.6546660667311938,0.6933823213648385,0.7168586641007019
471,0,0,0,0,0,0.6625811257227768,0.6707628091410605,0.6716019084183713,0.6464483040710165,0.7069532500826665
472,0,0,0,0,0,0.6332671889869649,0.6947233499560524,0.7080734934674513,0.6699673495276568,0.7090352154368285
473,0,0,0,0,0,0.6692303870823572,0.6729311694724842,0.7029100857454212,0.6552275914964438,0.7309212787106719
474,0,0,0,0,0,0.6559232591435913,0.6955214578482628,0.6444955627710612,0.6934240705572535,0.725692867828772
475,0,0,0,0,0,0.6944206028828412,0.6529525703030818,0.679136841842697,0.6731929484441167,0.7357818377674534
476,0,0,0,0,0,0.6336997965763411,0.6594041056524461,0.6696460250434944,0.692198999413025,0.6968029020345967
477,0,0,0,0,0,0.6538849182079454,0.7044745003670262,0.6525896122230888,0.6833535330680223,0.7013719844785513
478,0,0,0,0,0,0.6782591505646424,0.6863260737373951,0.6733815910295557,0.6791699669604937,0.7124634478849123
479,0,0,0,0,0,0.6792675145846033,0.6666035153743826,0.6218853972634187,0.6468217834981986,0.7046782598762789
480,0,0,0,0,0,0.6671573785010759,0.6790307336734461,0.6943033247791858,0.6765095640033738,0.7052388394071081
481,0,0,0,0,0,0.6628445223282322,0.6843763693428763,0.637772804324592,0.6718270849338052,0.7079393588113534
482,0,0,0,0,0,0.6521750736049349,0.6649924308820262,0.6648165209750252,0.7073649480637001,0.7197725847087018
483,0,0,0,0,0,0.6770669726928934,0.6583157327480172,0.6676424227688487,0.7134681539703085,0.6997046042016954
484,0,0,0,0,0,0.670237539737775,0.676415976974195,0.6661674938876907,0.6550411665817001,0.7163532621793218
485,0,0,0,0,0,0.6113473532061249,0.6799235881243841,0.643187039367888,0.6991460037508742,0.7160548583555407
486,0,0,0,0,0,0.6673954323488838,0.6450368688193445,0.6774871240293157,0.6613242695196206,0.6868269709740408
487,0,0,0,0,0,0.6801013137435064,0.6854389300353982,0.671306296250234,0.6664390448301972,0.7145976380143767
488,0,0,0,0,0,0.711266679871612,0.7141099861295521,0.6925687772497561,0.6990389234257915,0.6947596980162086
489,0,0,0,0,0,0.6410774009661084,0.6715057726315354,0.6793842180509351,0.7007702537959685,0.7413791056213863
490,0,0,0,0,0,0.6698036065068051,0.6987022135986082,0.6362957614242706,0.6601767371950059,0.7177314788614063
491,0,0,0,0,0,0.6721466046559115,0.6104107120684582,0.640158761031159,0.6911737762703409,0.7212712326392958
492,0,0,0,0,0,0.7041314347530951,0.6809389162190442,0.678475891766777,0.6983403256589628,0.7010430972977593
493,0,0,0,0,0,0.6465747197213114,0.6307493619398374,0.6594927794291637,0.6714641152852346,0.7034537372211003
494,0,0,0,0,0,0.6695573778168472,0.6286174231304149,0.6500784507182387,0.6457310047979556,0.6973011437538534
495,0,0,0,0,0,0.6724174288976913,0.6840805973526025,0.6802930739641951,0.6844794126170548,0.6957436137612134
496,0,0,0,0,0,0.655014328846425,0.6821652077900665,0.6613442522140884,0.6801016129901849,0.7103142452031921
497,0,0,0,0,0,0.6578900811264998,0.6535935303258582,0.666855455228677,0.6466566428682071,0.7022040015859944
498,0,0,0,0,0,0.6487564244839488,0.6506434080536384,0.6731554087569802,0.6830729754772614,0.7353940005580334
499,0,0,0,0,0,0.6681206958667497,0.6340764834942055,0.6665720895964709,0.6973184902359284,0.6986578772512799
500,0,0,0,0,0,0.6901386908463262,0.6904330453753219,0.6387386900992393,0.6678860951976233,0.7286588144980342
